id,brand,category,url,state,title,previewText,fullText,tdIdf,normalizedTdInf,cluster
34437119,ctt,CORREIO POSTAL E EXPRESSO,https://portaldaqueixa.com/brands/ctt/complaints/ctt-correspondencia-nao-entregue-32-34437119,Aguarda resposta,correspondência entregue,boa noite enviada correspondência alemanha documentos automóvel origem alemã após fazer tracking correspondência deparei,boa noite enviada correspondência alemanha documentos automóvel origem alemã após fazer tracking correspondência deparei mesma encontra lisboa desde dia 14 novembro 2019 serviço telefónico apoio cliente sabe estado encomenda paradeiro documento extrema importância pois possível iniciar processo legalização automóvel obtenção matricula portuguesa documentos automóvel comprado lixo resulta prejuízo valor automóvel valor transporte atraso prejuízo coima facto documentos serem entregues dentro prazo serviços alfandegários aguardo resposta urgente parte ctt,"[-0.80735492 -0.48542683  0.23446525  0.62148838  0.62148838  0.
  0.          1.72499295  0.          0.          0.          0.
  0.          1.15200309  0.          1.15200309  0.          0.
  1.32192809  0.          0.          1.51457317  0.          0.
  0.          0.          0.          0.          1.51457317  0.
  0.          0.          0.          0.          0.          0.
  0.          0.          1.73696559  0.          3.47393119  0.
  2.          2.          2.          0.          0.          0.
  0.          0.          0.          2.          0.          0.
  0.          0.          2.          0.          0.          0.
  2.          0.          0.          0.          0.          9.28771238
  0.          0.          6.96578428  0.          0.          0.
  0.          0.          0.          0.          0.          0.
  0.          0.          0.          0.          0.          0.
  0.          2.32192809  0.          2.32192809  2.32192809  0.
  0.          0.          0.          0.          0.          0.
  0.          0.          0.          0.        ]","[ 0.31175668  0.21566555  0.10050378  0.25890435  0.36342189 -0.61214609
 -0.47380354  1.16560841 -0.4152274  -0.54232614 -0.62017367 -0.4472136
 -0.46229895  0.74331112 -0.67269158  0.8221786  -0.39223227 -0.5
  0.81649658 -0.43643578 -0.48189987  0.82055272 -0.44183608 -0.48189987
 -0.53530338 -0.31590558 -0.41034727 -0.73379939  1.36277029 -0.27272727
 -0.53881591 -0.31448545 -0.53881591 -0.42008403 -0.65465367 -0.53881591
 -0.46852129 -0.42008403  1.52752523 -0.42008403  2.17662696 -0.40160966
  1.39875721  1.20482899  1.39875721 -0.4662524  -0.35805744 -0.40160966
 -0.22941573 -0.4662524  -0.22941573  1.39875721 -0.57735027 -0.4662524
 -0.57735027 -0.40160966  0.84515425 -0.4662524  -0.40160966 -0.4662524
  1.39875721 -0.35805744 -0.22941573 -0.35805744 -0.40160966  4.35889894
 -0.39223227 -0.5         4.12837477 -0.29488391 -0.5        -0.39223227
 -0.39223227 -0.5        -0.39223227 -0.39223227 -0.5        -0.5
 -0.5        -0.5        -0.22941573 -0.22941573 -0.39223227 -0.39223227
 -0.39223227  1.17953565 -0.5         2.          1.56892908 -0.29488391
 -0.22941573 -0.39223227 -0.39223227 -0.29488391 -0.39223227 -0.29488391
 -0.39223227 -0.5        -0.31448545 -0.22941573]",1
34436319,ctt,CORREIO POSTAL E EXPRESSO,https://portaldaqueixa.com/brands/ctt/complaints/ctt-morada-errada-3-34436319,Aguarda resposta,morada errada,boa tarde venho meio reclamar correspondência elevada importância destinada colocada morada errada tentativa arranjar,boa tarde venho meio reclamar correspondência elevada importância destinada colocada morada errada tentativa arranjar solução resolver problema informei perante chaves onde confirmaram morada correspondência colocada via leitor código barras localização gps exacta rpd sendo assim necessário rubrica confirmação recepção mesma informaram apesar toda informação têm autorização dar documento impresso daí encaminharam reclamação efectuar pedido carta questão registo nº rf502961375pt necessito urgentemente documento comprovando destino final correspondência documento podendo ser carta email escrito documento anexado enviado junto email aguardo resposta breve conclusiva,"[0.         0.         0.         0.         0.62148838 0.
 0.         0.         0.         0.         2.         0.
 0.         0.         1.15200309 0.         0.         0.
 1.32192809 0.         0.         0.         0.         0.
 0.         0.         0.         1.51457317 1.51457317 0.
 0.         0.         0.         0.         1.73696559 0.
 1.73696559 0.         1.73696559 0.         5.21089678 4.
 0.         0.         0.         0.         0.         0.
 0.         2.         0.         0.         0.         0.
 2.         0.         8.         0.         0.         0.
 0.         0.         0.         0.         0.         0.
 0.         0.         0.         0.         2.32192809 0.
 0.         2.32192809 0.         0.         0.         0.
 0.         0.         0.         0.         0.         0.
 0.         0.         0.         0.         0.         0.
 0.         0.         0.         0.         0.         0.
 2.32192809 2.32192809 0.         0.        ]","[ 0.72743224  0.75482941 -0.56952143 -0.48082237  0.36342189 -0.61214609
 -0.47380354 -0.44212733 -0.4152274  -0.54232614  1.86052102 -0.4472136
 -0.46229895 -0.60816364  0.8221786  -0.67269158 -0.39223227 -0.5
  0.81649658 -0.43643578 -0.48189987 -0.44183608 -0.44183608 -0.48189987
 -0.53530338 -0.31590558 -0.41034727  1.36277029  1.36277029 -0.27272727
 -0.53881591 -0.31448545 -0.53881591 -0.42008403  1.52752523 -0.53881591
  1.09321633 -0.42008403  1.52752523 -0.42008403  3.45699576  2.81126765
 -0.4662524  -0.40160966 -0.4662524  -0.4662524  -0.35805744 -0.40160966
 -0.22941573  1.39875721 -0.22941573 -0.4662524  -0.57735027 -0.4662524
  1.73205081 -0.40160966  4.22577127 -0.4662524  -0.40160966 -0.4662524
 -0.4662524  -0.35805744 -0.22941573 -0.35805744 -0.40160966 -0.22941573
 -0.39223227 -0.5        -0.29488391 -0.29488391  2.         -0.39223227
 -0.39223227  2.         -0.39223227 -0.39223227 -0.5        -0.5
 -0.5        -0.5        -0.22941573 -0.22941573 -0.39223227 -0.39223227
 -0.39223227 -0.29488391 -0.5        -0.5        -0.39223227 -0.29488391
 -0.22941573 -0.39223227 -0.39223227 -0.29488391 -0.39223227 -0.29488391
  1.56892908  2.         -0.31448545 -0.22941573]",1
34434619,ctt,CORREIO POSTAL E EXPRESSO,https://portaldaqueixa.com/brands/ctt/complaints/ctt-taxas-aduaneiras-34434619,Aguarda resposta,taxas aduaneiras,cobraram 23 05 desalfandegamento encomenda custou 20 18 06 após demorarem quase mês desalfandegarem encomenda pedir,cobraram 23 05 desalfandegamento encomenda custou 20 18 06 após demorarem quase mês desalfandegarem encomenda pedir recusar documentos recebi aviso desalfandegamento desloco levantar encomenda cobrados 23 05 taxas recusei então levantar encomenda decido contactar perceber passou resposta bastante demorada produto possuía desconto desconto contabilizado selo china post fatura vendedor comprovativo bancário explicito valor total encomenda correios decidem valor decidem aplicar taxas sobre valor convém acima 22 sendo especifico decidem roubar clientes porque valor total desconto ficava abaixo 22 prestam péssimo serviço prontificam ajudar clientes empatam máximo podem inventam desculpas tudo página questão relativas desalfandegamento consta nada sobre descontos cupões,"[-4.03677461  0.          0.          0.          0.          0.
  0.          3.44998591  0.          0.          0.          0.
  0.          0.          0.          1.15200309  0.          1.32192809
  1.32192809  0.          0.          1.51457317  0.          0.
  0.          0.          0.          0.          0.          0.
  0.          0.          0.          1.73696559  0.          0.
  0.          0.          0.          0.          0.          0.
  0.          0.          0.          0.          0.          0.
  0.          2.          0.          0.          0.          0.
  0.          0.          0.          0.          4.          0.
  0.          0.          0.          0.          4.          0.
  0.          0.          2.32192809  0.          0.          2.32192809
  0.          0.          0.          2.32192809  0.          0.
  0.          0.          0.          0.          2.32192809  0.
  0.          0.          0.          0.          0.          2.32192809
  0.          0.          0.          0.          0.          0.
  2.32192809  0.          0.          0.        ]","[-1.35094559  0.75482941 -0.56952143 -0.48082237 -0.67492637 -0.61214609
 -0.47380354  2.77334416 -0.4152274  -0.54232614 -0.62017367 -0.4472136
 -0.46229895 -0.60816364 -0.67269158  0.8221786  -0.39223227  0.75
  0.81649658 -0.43643578 -0.48189987  0.82055272 -0.44183608 -0.48189987
 -0.53530338 -0.31590558 -0.41034727 -0.73379939 -0.73379939 -0.27272727
 -0.53881591 -0.31448545 -0.53881591  0.98019606 -0.65465367 -0.53881591
 -0.46852129 -0.42008403 -0.65465367 -0.42008403 -0.38411064 -0.40160966
 -0.4662524  -0.40160966 -0.4662524  -0.4662524  -0.35805744 -0.40160966
 -0.22941573  1.39875721 -0.22941573 -0.4662524  -0.57735027 -0.4662524
 -0.57735027 -0.40160966 -0.28171808 -0.4662524   2.81126765 -0.4662524
 -0.4662524  -0.35805744 -0.22941573 -0.35805744  2.81126765 -0.22941573
 -0.39223227 -0.5         1.17953565 -0.29488391 -0.5         1.56892908
 -0.39223227 -0.5        -0.39223227  1.56892908 -0.5        -0.5
 -0.5        -0.5        -0.22941573 -0.22941573  1.56892908 -0.39223227
 -0.39223227 -0.29488391 -0.5        -0.5        -0.39223227  1.17953565
 -0.22941573 -0.39223227 -0.39223227 -0.29488391 -0.39223227 -0.29488391
  1.56892908 -0.5        -0.31448545 -0.22941573]",1
34433719,ctt,CORREIO POSTAL E EXPRESSO,https://portaldaqueixa.com/brands/ctt/complaints/ctt-4-encomendas-perdidas-apos-recepcao-nacional-34433719,Aguarda resposta,4 encomendas perdidas após recepção nacional,boatarde 2 semanas desde dia 19 novembro 4 encomendas recepcionadas lisboa desde então qualquer alteração,boatarde 2 semanas desde dia 19 novembro 4 encomendas recepcionadas lisboa desde então qualquer alteração estado onde encontram encomendas vou receber agradeço envio célere mesmas lh134918112au lh135287134au lh135281613au lh134931754au,"[ 0.         -0.48542683  0.          0.62148838  0.          0.62148838
  0.          0.          0.          0.          0.          0.
  0.          1.15200309  0.          0.          0.          0.
  0.          0.          0.          0.          0.          0.
  0.          0.          3.02914635  0.          0.          0.
  1.73696559  0.          0.          0.          1.73696559  0.
  0.          1.73696559  0.          0.          0.          0.
  0.          0.          4.          2.          0.          0.
  0.          0.          0.          2.          0.          0.
  0.          0.          0.          0.          0.          0.
  0.          0.          0.          0.          0.          0.
  0.          0.          0.          0.          0.          0.
  0.          0.          0.          0.          0.          2.32192809
  0.          0.          0.          0.          0.          0.
  0.          0.          0.          0.          0.          0.
  0.          0.          0.          0.          0.          0.
  0.          0.          0.          0.        ]","[ 0.72743224  0.21566555 -0.56952143  0.25890435 -0.67492637  0.32961713
 -0.47380354 -0.44212733 -0.4152274  -0.54232614 -0.62017367 -0.4472136
 -0.46229895  0.74331112 -0.67269158 -0.67269158 -0.39223227 -0.5
 -0.54433105 -0.43643578 -0.48189987 -0.44183608 -0.44183608 -0.48189987
 -0.53530338 -0.31590558  1.93449426 -0.73379939 -0.73379939 -0.27272727
  1.25723711 -0.31448545 -0.53881591 -0.42008403  1.52752523 -0.53881591
 -0.46852129  0.98019606 -0.65465367 -0.42008403 -0.38411064 -0.40160966
 -0.4662524  -0.40160966  3.26376683  1.39875721 -0.35805744 -0.40160966
 -0.22941573 -0.4662524  -0.22941573  1.39875721 -0.57735027 -0.4662524
 -0.57735027 -0.40160966 -0.28171808 -0.4662524  -0.40160966 -0.4662524
 -0.4662524  -0.35805744 -0.22941573 -0.35805744 -0.40160966 -0.22941573
 -0.39223227 -0.5        -0.29488391 -0.29488391 -0.5        -0.39223227
 -0.39223227 -0.5        -0.39223227 -0.39223227 -0.5         2.
 -0.5        -0.5        -0.22941573 -0.22941573 -0.39223227 -0.39223227
 -0.39223227 -0.29488391 -0.5        -0.5        -0.39223227 -0.29488391
 -0.22941573 -0.39223227 -0.39223227 -0.29488391 -0.39223227 -0.29488391
 -0.39223227 -0.5        -0.31448545 -0.22941573]",1
34430919,ctt,CORREIO POSTAL E EXPRESSO,https://portaldaqueixa.com/brands/ctt/complaints/ctt-encomendas-nao-entregues-53-34430919,Aguarda resposta,encomendas entregues,boa noite venho meio reclamar terem sido entregues 3 encomendas enviadas dias 2 3 dezembro 2019 correio normal entende,boa noite venho meio reclamar terem sido entregues 3 encomendas enviadas dias 2 3 dezembro 2019 correio normal entende outras encomendas enviadas dia sido entregues dia útil seguinte hoje 7 dias úteis ainda terem sido entregues serviço correio normal ter alguma forma salvaguarda situação acontece enviou devolução portes neste caso 3 50 cada embalagens grandes bem visíveis enviei mail vosso serviço reclamações todos dados solicitam outro mail entrarem contacto entanto obtive qualquer resposta agora descontente situação aguardo rápida resolução problema,"[ 0.         -0.97085365  0.23446525  0.          0.          0.62148838
  1.72499295  0.          2.          2.          0.          0.
  0.          0.          0.          2.30400619  0.          0.
  1.32192809  1.32192809  0.          0.          0.          1.51457317
  0.          0.          3.02914635  0.          1.51457317  1.73696559
  0.          0.          1.73696559  0.          0.          0.
  0.          1.73696559  1.73696559  5.21089678  0.          0.
  0.          0.          0.          0.          0.          0.
  0.          0.          0.          0.          2.          0.
  0.          2.          0.          2.          0.          0.
  0.          0.          0.          0.          0.          0.
  0.          0.          0.          0.          0.          0.
  0.          0.          0.          0.          0.          0.
  2.32192809  2.32192809  0.          0.          0.          0.
  0.          6.96578428  2.32192809  0.          0.          0.
  0.          4.64385619  2.32192809  6.96578428  0.          0.
  0.          2.32192809  0.          0.        ]","[ 0.72743224 -0.32349832  0.10050378 -0.48082237 -0.67492637  0.32961713
  1.24911843 -0.44212733  1.2456822   1.62697843 -0.62017367 -0.4472136
 -0.46229895 -0.60816364 -0.67269158  2.31704879 -0.39223227 -0.5
  0.81649658  0.65465367 -0.48189987 -0.44183608 -0.44183608  0.89495691
 -0.53530338 -0.31590558  1.93449426 -0.73379939  1.36277029  0.63636364
 -0.53881591 -0.31448545  1.25723711 -0.42008403 -0.65465367 -0.53881591
 -0.46852129  0.98019606  1.52752523  3.78075623 -0.38411064 -0.40160966
 -0.4662524  -0.40160966 -0.4662524  -0.4662524  -0.35805744 -0.40160966
 -0.22941573 -0.4662524  -0.22941573 -0.4662524   1.73205081 -0.4662524
 -0.57735027  1.20482899 -0.28171808  1.39875721 -0.40160966 -0.4662524
 -0.4662524  -0.35805744 -0.22941573 -0.35805744 -0.40160966 -0.22941573
 -0.39223227 -0.5        -0.29488391 -0.29488391 -0.5        -0.39223227
 -0.39223227 -0.5        -0.39223227 -0.39223227 -0.5        -0.5
  2.          2.         -0.22941573 -0.22941573 -0.39223227 -0.39223227
 -0.39223227  4.12837477  2.         -0.5        -0.39223227 -0.29488391
 -0.22941573  3.53009043  1.56892908  4.12837477 -0.39223227 -0.29488391
 -0.39223227  2.         -0.31448545 -0.22941573]",3
34430319,ctt,CORREIO POSTAL E EXPRESSO,https://portaldaqueixa.com/brands/ctt/complaints/ctt-correios-produto-extraviado-nos-correios-34430319,Aguarda resposta,correios produto extraviado correios,fiz compra pessoa fisica depositei dinhriro produto valor portes faz quase ano espero saber correios disseram,fiz compra pessoa fisica depositei dinhriro produto valor portes faz quase ano espero saber correios disseram correio normal nada pode fazer palhaçada cobram serviço propria agência furtar produto sabem dará punição nenhuma vou confiar correios receber enviar qualquer produto contar todos sabem sumir ningurm responsabiliza qualquer pessoa pode roubar perde consumidor,"[0.         0.         0.         0.         0.         1.24297675
 0.         0.86249648 1.         0.         0.         0.
 0.         0.         0.         1.15200309 0.         0.
 0.         1.32192809 0.         0.         0.         0.
 0.         0.         0.         0.         0.         0.
 1.73696559 0.         0.         0.         0.         0.
 0.         0.         0.         0.         0.         0.
 0.         0.         0.         0.         0.         0.
 0.         0.         0.         0.         0.         0.
 0.         0.         0.         0.         0.         2.
 0.         0.         0.         0.         0.         0.
 4.64385619 0.         0.         0.         0.         0.
 0.         0.         0.         4.64385619 0.         2.32192809
 0.         0.         0.         0.         0.         0.
 0.         0.         0.         0.         0.         6.96578428
 0.         2.32192809 0.         0.         0.         0.
 0.         0.         0.         0.        ]","[ 0.72743224  0.75482941 -0.56952143 -0.48082237 -0.67492637  1.27138035
 -0.47380354  0.36174054  0.4152274  -0.54232614 -0.62017367 -0.4472136
 -0.46229895 -0.60816364 -0.67269158  0.8221786  -0.39223227 -0.5
 -0.54433105  0.65465367 -0.48189987 -0.44183608 -0.44183608 -0.48189987
 -0.53530338 -0.31590558 -0.41034727 -0.73379939 -0.73379939 -0.27272727
  1.25723711 -0.31448545 -0.53881591 -0.42008403 -0.65465367 -0.53881591
 -0.46852129 -0.42008403 -0.65465367 -0.42008403 -0.38411064 -0.40160966
 -0.4662524  -0.40160966 -0.4662524  -0.4662524  -0.35805744 -0.40160966
 -0.22941573 -0.4662524  -0.22941573 -0.4662524  -0.57735027 -0.4662524
 -0.57735027 -0.40160966 -0.28171808 -0.4662524  -0.40160966  1.39875721
 -0.4662524  -0.35805744 -0.22941573 -0.35805744 -0.40160966 -0.22941573
  3.53009043 -0.5        -0.29488391 -0.29488391 -0.5        -0.39223227
 -0.39223227 -0.5        -0.39223227  3.53009043 -0.5         2.
 -0.5        -0.5        -0.22941573 -0.22941573 -0.39223227 -0.39223227
 -0.39223227 -0.29488391 -0.5        -0.5        -0.39223227  4.12837477
 -0.22941573  1.56892908 -0.39223227 -0.29488391 -0.39223227 -0.29488391
 -0.39223227 -0.5        -0.31448545 -0.22941573]",1
34427819,ctt,CORREIO POSTAL E EXPRESSO,https://portaldaqueixa.com/brands/ctt/complaints/ctt-informacao-errada-3-34427819,Aguarda resposta,informação errada,novembro 2014 investi certificados aforro balcão altura consulta balcão decidi adquirir certificados tesouro,novembro 2014 investi certificados aforro balcão altura consulta balcão decidi adquirir certificados tesouro poupança solicitei funcionário entanto vendido certificados aforro tipo c prazo desses mesmos certificados 5 anos tendo ocorrido mês passado respetivo reembolso verifiquei agora engano sujeito dirigi balcão marquês porto verifiquei agora nada podem fazer porque atendeu trabalha balcão recordo assim considero lesado lapso porque dirigi ser forma ser devidamente informado ter apoio processo próxima oportunidade preferível efetuar processo on line quero seguramente qualquer outro apoio investimento poupanças,"[0.         0.         0.         0.62148838 0.         0.62148838
 0.         0.         0.         0.         0.         0.
 0.         0.         2.30400619 0.         0.         1.32192809
 0.         0.         0.         0.         0.         1.51457317
 0.         0.         0.         1.51457317 0.         0.
 0.         0.         0.         0.         0.         0.
 0.         0.         0.         0.         0.         0.
 0.         4.         0.         0.         0.         0.
 0.         0.         0.         0.         0.         2.
 0.         4.         0.         2.         0.         0.
 4.         2.         0.         0.         0.         0.
 0.         2.32192809 0.         0.         0.         4.64385619
 0.         0.         0.         0.         0.         0.
 0.         2.32192809 0.         9.28771238 0.         0.
 0.         0.         0.         0.         0.         0.
 9.28771238 0.         0.         0.         0.         0.
 0.         0.         0.         0.        ]","[ 0.72743224  0.75482941 -0.56952143  0.25890435 -0.67492637  0.32961713
 -0.47380354 -0.44212733 -0.4152274  -0.54232614 -0.62017367 -0.4472136
 -0.46229895 -0.60816364  2.31704879 -0.67269158 -0.39223227  0.75
 -0.54433105 -0.43643578 -0.48189987 -0.44183608 -0.44183608  0.89495691
 -0.53530338 -0.31590558 -0.41034727  1.36277029 -0.73379939 -0.27272727
 -0.53881591 -0.31448545 -0.53881591 -0.42008403 -0.65465367 -0.53881591
 -0.46852129 -0.42008403 -0.65465367 -0.42008403 -0.38411064 -0.40160966
 -0.4662524   2.81126765 -0.4662524  -0.4662524  -0.35805744 -0.40160966
 -0.22941573 -0.4662524  -0.22941573 -0.4662524  -0.57735027  1.39875721
 -0.57735027  2.81126765 -0.28171808  1.39875721 -0.40160966 -0.4662524
  3.26376683  1.07417231 -0.22941573 -0.35805744 -0.40160966 -0.22941573
 -0.39223227  2.         -0.29488391 -0.29488391 -0.5         3.53009043
 -0.39223227 -0.5        -0.39223227 -0.39223227 -0.5        -0.5
 -0.5         2.         -0.22941573  4.35889894 -0.39223227 -0.39223227
 -0.39223227 -0.29488391 -0.5        -0.5        -0.39223227 -0.29488391
  4.35889894 -0.39223227 -0.39223227 -0.29488391 -0.39223227 -0.29488391
 -0.39223227 -0.5        -0.31448545 -0.22941573]",1
34425819,ctt,CORREIO POSTAL E EXPRESSO,https://portaldaqueixa.com/brands/ctt/complaints/ctt-devolucao-imediata-por-parte-do-centro-de-distribuicao-1700-34425819,Aguarda resposta,devolução imediata parte centro distribuição 1700,boa tarde enviaram encomenda semana entregue motivos alheios voltar devolver aqui tudo correu previsto parte,boa tarde enviaram encomenda semana entregue motivos alheios voltar devolver aqui tudo correu previsto parte semana seguir encomenda parte remetente rectificar situação caso interessa encomenda mal chega centro distribuição 1700 lisboa imediatamente posta devolução visto dirijo loja voltam informar deixado qualquer motivo devolvida remetente encomenda passado uns dias chega remetente novamente enviada nova etiqueta morada verifiquei foto enviada remetente dia seguir mal chega centro distribuição posta devolução vez qualquer motivo posto mesma vou novamente loja averiguaram situação semana anterior gravíssimo acontecer além raro duvido acontecer mesma pessoa remetente destinatário espaço dia reforçar além ir loja duas vezes ainda liguei linha apoio cliente informaram extremamente estranho segunda ida loja deram numero centro distribuição talvez possa averiguar rectificar situação conclusão ninguém atende tudo ando pagar portes frente trás fiz reclamação ambas vezes exijo resolvido apontar todos funcionários lojas ctts impecáveis assim linha apoio cliente entanto trabalha centro distribuição 1700 deveria ser despedido forma imediata,"[-3.22941969 -0.97085365  0.          0.          1.24297675  1.24297675
  0.86249648  0.          0.          3.          1.          0.
  0.          1.15200309  1.15200309  0.          5.28771238  0.
  0.          1.32192809  0.          0.          3.02914635  0.
  0.          0.          0.          1.51457317  0.          0.
  0.          6.94786238  0.          0.          0.          1.73696559
  1.73696559  0.          1.73696559  0.          0.          0.
  4.          4.          0.          0.          2.          0.
 10.          0.          0.          0.          0.          2.
  2.          0.          0.          2.          0.          2.
  0.          0.          0.          0.          0.          0.
  2.32192809  0.          0.          0.          0.          0.
  0.          0.          0.          0.          0.          2.32192809
  2.32192809  2.32192809  9.28771238  0.          0.          0.
  0.          0.          2.32192809  0.          4.64385619  0.
  0.          0.          0.          0.          4.64385619  2.32192809
  0.          0.          0.          0.        ]","[-0.93527003 -0.32349832 -0.56952143 -0.48082237  1.40177016  1.27138035
  0.38765744 -0.44212733 -0.4152274   2.71163072  0.62017367 -0.4472136
 -0.46229895  0.74331112  0.8221786  -0.67269158  3.53009043 -0.5
 -0.54433105  0.65465367 -0.48189987 -0.44183608  2.08294153 -0.48189987
 -0.53530338 -0.31590558 -0.41034727  1.36277029 -0.73379939 -0.27272727
 -0.53881591  3.8786539  -0.53881591 -0.42008403 -0.65465367  1.25723711
  1.09321633 -0.42008403  1.52752523 -0.42008403 -0.38411064 -0.40160966
  3.26376683  2.81126765 -0.4662524  -0.4662524   1.07417231 -0.40160966
  4.35889894 -0.4662524  -0.22941573 -0.4662524  -0.57735027  1.39875721
  1.73205081 -0.40160966 -0.28171808  1.39875721 -0.40160966  1.39875721
 -0.4662524  -0.35805744 -0.22941573 -0.35805744 -0.40160966 -0.22941573
  1.56892908 -0.5        -0.29488391 -0.29488391 -0.5        -0.39223227
 -0.39223227 -0.5        -0.39223227 -0.39223227 -0.5         2.
  2.          2.          4.35889894 -0.22941573 -0.39223227 -0.39223227
 -0.39223227 -0.29488391  2.         -0.5         3.53009043 -0.29488391
 -0.22941573 -0.39223227 -0.39223227 -0.29488391  3.53009043  1.17953565
 -0.39223227 -0.5        -0.31448545 -0.22941573]",1
34424819,ctt,CORREIO POSTAL E EXPRESSO,https://portaldaqueixa.com/brands/ctt/complaints/ctt-a-minha-letra-34424819,Aguarda resposta,letra,boa tarde familiares enviaram letra importante estrangeiro letra chegou lisboa sexta dia 6 dezembro 3 dias ainda nao mexeu,boa tarde familiares enviaram letra importante estrangeiro letra chegou lisboa sexta dia 6 dezembro 3 dias ainda nao mexeu lisboa enviei mail responderam ja sabia perderam letra importante mim inadmissível,"[ 0.         -0.48542683  0.          0.          0.          0.
  0.86249648  0.          0.          0.          0.          0.
  0.          2.30400619  0.          0.          0.          0.
  0.          0.          0.          0.          0.          0.
  0.          0.          0.          0.          0.          0.
  0.          0.          0.          0.          0.          0.
  0.          0.          1.73696559  1.73696559  0.          0.
  0.          0.          0.          0.          0.          0.
  0.          0.          0.          0.          2.          0.
  2.          0.          0.          0.          0.          0.
  0.          0.          0.          0.          0.          0.
  0.          0.          0.          0.          0.          0.
  0.          0.          0.          0.          2.32192809  0.
  0.          0.          0.          0.          0.          0.
  0.          0.          2.32192809  0.          0.          0.
  0.          0.          0.          0.          0.          0.
  0.          0.          0.          0.        ]","[ 0.72743224  0.21566555 -0.56952143 -0.48082237 -0.67492637 -0.61214609
  0.38765744 -0.44212733 -0.4152274  -0.54232614 -0.62017367 -0.4472136
 -0.46229895  2.09478587 -0.67269158 -0.67269158 -0.39223227 -0.5
 -0.54433105 -0.43643578 -0.48189987 -0.44183608 -0.44183608 -0.48189987
 -0.53530338 -0.31590558 -0.41034727 -0.73379939 -0.73379939 -0.27272727
 -0.53881591 -0.31448545 -0.53881591 -0.42008403 -0.65465367 -0.53881591
 -0.46852129 -0.42008403  1.52752523  0.98019606 -0.38411064 -0.40160966
 -0.4662524  -0.40160966 -0.4662524  -0.4662524  -0.35805744 -0.40160966
 -0.22941573 -0.4662524  -0.22941573 -0.4662524   1.73205081 -0.4662524
  1.73205081 -0.40160966 -0.28171808 -0.4662524  -0.40160966 -0.4662524
 -0.4662524  -0.35805744 -0.22941573 -0.35805744 -0.40160966 -0.22941573
 -0.39223227 -0.5        -0.29488391 -0.29488391 -0.5        -0.39223227
 -0.39223227 -0.5        -0.39223227 -0.39223227  2.         -0.5
 -0.5        -0.5        -0.22941573 -0.22941573 -0.39223227 -0.39223227
 -0.39223227 -0.29488391  2.         -0.5        -0.39223227 -0.29488391
 -0.22941573 -0.39223227 -0.39223227 -0.29488391 -0.39223227 -0.29488391
 -0.39223227 -0.5        -0.31448545 -0.22941573]",1
34423319,ctt,CORREIO POSTAL E EXPRESSO,https://portaldaqueixa.com/brands/ctt/complaints/ctt-encomenda-em-estado-de-recepcao-internacional-ha-mais-de-3-semanas-34423319,Aguarda resposta,encomenda estado recepção internacional 3 semanas,encomendei artigo início mês novembro demorou 4 dias vir china lisboa porém estado recepção internacional desde 18 novembro,encomendei artigo início mês novembro demorou 4 dias vir china lisboa porém estado recepção internacional desde 18 novembro hoje 10 dezembro quase 1 mês parada lisboa gostava dessem alguma explicação pois queria encomenda chegasse antes natal andar carruagem tou ver janeiro assim muita sorte aguardo resposta,"[-0.80735492  0.          0.          1.24297675  0.          0.
  0.86249648  0.          0.          0.          0.          0.
  1.15200309  2.30400619  0.          0.          0.          2.64385619
  1.32192809  0.          0.          0.          0.          0.
  0.          0.          0.          1.51457317  1.51457317  0.
  0.          0.          1.73696559  0.          0.          0.
  0.          0.          0.          0.          0.          0.
  0.          0.          2.          0.          0.          0.
  0.          0.          0.          2.          2.          0.
  0.          0.          0.          0.          0.          0.
  0.          0.          0.          2.          0.          0.
  0.          0.          0.          0.          2.32192809  0.
  2.32192809  0.          0.          0.          0.          0.
  0.          0.          0.          0.          0.          0.
  0.          0.          0.          2.32192809  0.          0.
  0.          0.          0.          0.          0.          0.
  0.          0.          0.          0.        ]","[ 0.31175668  0.75482941 -0.56952143  0.99863107 -0.67492637 -0.61214609
  0.38765744 -0.44212733 -0.4152274  -0.54232614 -0.62017367 -0.4472136
  0.56503205  2.09478587 -0.67269158 -0.67269158 -0.39223227  2.
  0.81649658 -0.43643578 -0.48189987 -0.44183608 -0.44183608 -0.48189987
 -0.53530338 -0.31590558 -0.41034727  1.36277029  1.36277029 -0.27272727
 -0.53881591 -0.31448545  1.25723711 -0.42008403 -0.65465367 -0.53881591
 -0.46852129 -0.42008403 -0.65465367 -0.42008403 -0.38411064 -0.40160966
 -0.4662524  -0.40160966  1.39875721 -0.4662524  -0.35805744 -0.40160966
 -0.22941573 -0.4662524  -0.22941573  1.39875721  1.73205081 -0.4662524
 -0.57735027 -0.40160966 -0.28171808 -0.4662524  -0.40160966 -0.4662524
 -0.4662524  -0.35805744 -0.22941573  1.07417231 -0.40160966 -0.22941573
 -0.39223227 -0.5        -0.29488391 -0.29488391  2.         -0.39223227
  1.56892908 -0.5        -0.39223227 -0.39223227 -0.5        -0.5
 -0.5        -0.5        -0.22941573 -0.22941573 -0.39223227 -0.39223227
 -0.39223227 -0.29488391 -0.5         2.         -0.39223227 -0.29488391
 -0.22941573 -0.39223227 -0.39223227 -0.29488391 -0.39223227 -0.29488391
 -0.39223227 -0.5        -0.31448545 -0.22941573]",1
34419419,ctt,CORREIO POSTAL E EXPRESSO,https://portaldaqueixa.com/brands/ctt/complaints/ctt-extravio-de-correio-7-34419419,Aguarda resposta,extravio correio,01 10 2019 reclamei estação peniche expedição factura recibo anexo datada 2019 09 04 16 15 valor total 5 destaco designação correio,01 10 2019 reclamei estação peniche expedição factura recibo anexo datada 2019 09 04 16 15 valor total 5 destaco designação correio normal 3 50 nela contida chegado destinatário morada anexo alcaria fundão semanas anteriores após ter contactado estações alcaria fundão covilhã antevendo algum engano indicação destas estações contactei centros distribuição fundão covilhã ver frente texto ficou assim apresentada 1ª reclamação entrega foto embalagem cópia fatura intenção facilitar busca funcionária disse logo recebia título mera ajuda valor registo válido então ter passado demasiado tempo todos telefonemas retornarem resposta confirme algo aguardei todos insistentes contactos atrás referidos acabei falar respectivos funcionários nenhum solicitou quaisquer dados empenhou pessoalmente diligenciar resolver acompanhar situação única excepção dia 24 setembro atendido responsável centro dist fundão informa falaria carteiro zona dia seguinte saber passado atendido dia 30 setembro após várias tentativas re contacto funcionário informa deixado qualquer aviso morada carteiro habitual recorda ter feito entrega pouco habitual caixa zona correio endereço destinatário saliento responsável centro dist fundão descartou quiz receber facilitar desta forma localização cópia factura foto embalagem propus enviar imediato acrescento informei todos passos srª destinatária correio preocupação procurou saber localmente junto vizinhos carteiro estação paradeiro deste correio conseguiu qualquer indício presença tentativa distribuição mesma nessas 2 semanas após expedição valor conteúdo pago srª destinatária ronda 73 despesas tempo paciencia perdidos todos dia 8 outubro estação peniche informam processo arquivado faço 2 tentativas reclamação site livro reclamações consigo concluir sucesso dificuldades técnicas site dia 16 10 2019 refª 19n103969 expedida 2019 10 06 domingo recebo carta automática anexo tipificada resposta muitas variadas situações onde concluem podemos proceder averiguações detalhadas reclamo novamente neste dia 16 outubro livro reclamações ver anexo nº ror00000000000626440 recebo resposta 23 10 19 ver anexo basicamente mesma conclusão concluo esforço meramente administrativo inconclusivo desresponsabilizador último indiferente cidadão utente confia históricamente serviços conforma toda cadeia sacudir água capote caso caixa apareça reclamo valor mínimo 73 finalizo recorri dezenas vezes serviço pago sempre mesma forma excepção 2 atrasos todo correio chegou destino múltiplos lugares portugal aguardo melhores cumprimentos justa resolução obrigado,"[ 0.         -2.91256096  0.93786101  0.          1.86446513  1.24297675
  0.          3.44998591  5.          1.          2.          0.
  4.60801237  0.          0.          1.15200309  2.64385619  0.
  3.96578428  5.28771238  3.02914635  4.54371952  1.51457317  4.54371952
  3.02914635  1.51457317  0.          1.51457317  1.51457317  0.
  1.73696559  3.47393119  0.          1.73696559  1.73696559  0.
  3.47393119  5.21089678  0.          1.73696559  0.          2.
  0.          0.          0.          2.          0.          4.
  0.          0.         10.          0.          0.          4.
  0.          0.          0.          4.          0.          0.
  2.          2.         10.          6.          0.          0.
  0.          2.32192809  0.          6.96578428  0.          0.
  0.          2.32192809  2.32192809  0.          2.32192809  0.
  2.32192809  0.          0.          0.          0.          0.
  4.64385619  0.          0.          0.          0.          0.
  0.          2.32192809  2.32192809  0.          2.32192809  0.
  0.          0.          2.73696559  8.21089678]","[ 0.72743224 -2.48015378  2.11057941 -0.48082237  2.44011842  1.27138035
 -0.47380354  2.77334416  3.73704659  0.54232614  1.86052102 -0.4472136
  3.64702503 -0.60816364 -0.67269158  0.8221786   1.56892908 -0.5
  3.53815185  3.92792202  2.27181369  3.34533034  0.82055272  3.64867047
  2.52357307  0.58668179 -0.41034727  1.36277029  1.36277029 -0.27272727
  1.25723711  1.78208422 -0.53881591  0.98019606  1.52752523 -0.53881591
  2.65495395  3.78075623 -0.65465367  0.98019606 -0.38411064  1.20482899
 -0.4662524  -0.40160966 -0.4662524   1.39875721 -0.35805744  2.81126765
 -0.22941573 -0.4662524   4.35889894 -0.4662524  -0.57735027  3.26376683
 -0.57735027 -0.40160966 -0.28171808  3.26376683 -0.40160966 -0.4662524
  1.39875721  1.07417231  4.35889894  3.93863181 -0.40160966 -0.22941573
 -0.39223227  2.         -0.29488391  4.12837477 -0.5        -0.39223227
 -0.39223227  2.          1.56892908 -0.39223227  2.         -0.5
  2.         -0.5        -0.22941573 -0.22941573 -0.39223227 -0.39223227
  3.53009043 -0.29488391 -0.5        -0.5        -0.39223227 -0.29488391
 -0.22941573  1.56892908  1.56892908 -0.29488391  1.56892908 -0.29488391
 -0.39223227 -0.5         1.78208422  4.35889894]",2
34417619,ctt,CORREIO POSTAL E EXPRESSO,https://portaldaqueixa.com/brands/ctt/complaints/ctt-reclamacao-122-34417619,Aguarda resposta,reclamação,vez venho meio manifestar desagrado fato encomenda ter sido entregue morada destino indicada perante situação,vez venho meio manifestar desagrado fato encomenda ter sido entregue morada destino indicada perante situação peço serviços responsáveis corrijam situação encomenda entregue morada indicada,"[-1.61470984  0.          0.          0.          0.          0.
  0.          0.          0.          2.          2.          0.
  0.          0.          0.          0.          0.          0.
  0.          0.          0.          0.          0.          1.51457317
  0.          0.          0.          0.          0.          0.
  0.          0.          0.          0.          0.          3.47393119
  0.          0.          0.          0.          0.          0.
  0.          0.          0.          0.          2.          0.
  0.          0.          0.          0.          0.          0.
  0.          0.          0.          0.          0.          0.
  0.          0.          0.          0.          0.          0.
  0.          0.          0.          0.          0.          0.
  0.          2.32192809  0.          0.          0.          0.
  0.          0.          0.          0.          0.          0.
  0.          0.          0.          0.          0.          0.
  0.          0.          0.          2.32192809  0.          0.
  0.          0.          0.          0.        ]","[-0.10391889  0.75482941 -0.56952143 -0.48082237 -0.67492637 -0.61214609
 -0.47380354 -0.44212733 -0.4152274   1.62697843  1.86052102 -0.4472136
 -0.46229895 -0.60816364 -0.67269158 -0.67269158 -0.39223227 -0.5
 -0.54433105 -0.43643578 -0.48189987 -0.44183608 -0.44183608  0.89495691
 -0.53530338 -0.31590558 -0.41034727 -0.73379939 -0.73379939 -0.27272727
 -0.53881591 -0.31448545 -0.53881591 -0.42008403 -0.65465367  3.05329013
 -0.46852129 -0.42008403 -0.65465367 -0.42008403 -0.38411064 -0.40160966
 -0.4662524  -0.40160966 -0.4662524  -0.4662524   1.07417231 -0.40160966
 -0.22941573 -0.4662524  -0.22941573 -0.4662524  -0.57735027 -0.4662524
 -0.57735027 -0.40160966 -0.28171808 -0.4662524  -0.40160966 -0.4662524
 -0.4662524  -0.35805744 -0.22941573 -0.35805744 -0.40160966 -0.22941573
 -0.39223227 -0.5        -0.29488391 -0.29488391 -0.5        -0.39223227
 -0.39223227  2.         -0.39223227 -0.39223227 -0.5        -0.5
 -0.5        -0.5        -0.22941573 -0.22941573 -0.39223227 -0.39223227
 -0.39223227 -0.29488391 -0.5        -0.5        -0.39223227 -0.29488391
 -0.22941573 -0.39223227 -0.39223227  1.17953565 -0.39223227 -0.29488391
 -0.39223227 -0.5        -0.31448545 -0.22941573]",1
34417019,ctt,CORREIO POSTAL E EXPRESSO,https://portaldaqueixa.com/brands/ctt/complaints/ctt-encomenda-extraviada-73-34417019,Aguarda resposta,encomenda extraviada,efectuei encomenda chegou dia 18 11 2019 portugal através dhl dia 19 11 2019 encontrava confirmado tracking data,efectuei encomenda chegou dia 18 11 2019 portugal através dhl dia 19 11 2019 encontrava confirmado tracking data hoje 10 12 2019 recebi qualquer encomenda postal feedback entrei várias vezes efeito contacto através contacto 707262626 finalmente consegui falar colaborador confirmou encomenda portugal chegado soube dizer onde provável estar processo aduaneiro poderia demorar 15 dias úteis caso encomenda chegasse falar alemanha local embarque transportadora data hoje 10 12 2019 passaram 15 dias úteis continuo ser receber qualquer feedback voltei contactar numero 707262626 2 vezes efeito pedi ser contactada 3 vezes sendo email agora recebi qualquer chamada após 1ª situação procedi reclamação online ror00000000000675005 esperar 15 dias úteis após 2ª situação voltei proceder nova reclamação ror00000000000682144 novamente esperar 15 dias úteis tantos 15 dias úteis vou receber encomenda ter feedback encomenda vem todos meses eua caixa 5 6 produtos maquilhagem babebox cosmetics marca focallure cujos produtos pode comprar várias lojas babe cosmetics comprometeu reenviar encomenda relativa mês novembro caminho encomenda dezembro pergunto vão desaparecer porque mensal agora qualquer problema entrega recepção encomenda aguardo solução brevidade,"[-7.2661943  -0.97085365  0.93786101  0.62148838  0.          2.48595351
  4.31248238  0.          0.          2.          0.          2.
  2.30400619  0.          2.30400619  0.          0.          1.32192809
  0.          1.32192809  0.          3.02914635  4.54371952  1.51457317
  1.51457317  7.57286586  0.          0.          1.51457317  8.68482797
  3.47393119  0.          3.47393119  0.          1.73696559  0.
  3.47393119  1.73696559  0.          1.73696559  0.          0.
  0.          0.          0.          2.          0.          2.
  0.          2.          0.          0.          2.          0.
  0.          4.          0.          0.          0.          0.
  2.          0.          0.          0.          0.          0.
  0.          2.32192809  0.          0.          2.32192809  2.32192809
  0.          0.          4.64385619  0.          2.32192809  2.32192809
  2.32192809  0.          0.          0.          4.64385619  0.
  0.          0.          0.          0.          0.          0.
  0.          0.          4.64385619  0.          2.32192809  0.
  0.          2.32192809  0.          0.        ]","[-3.01364786 -0.32349832  2.11057941  0.25890435 -0.67492637  3.15490678
  3.83350138 -0.44212733 -0.4152274   1.62697843 -0.62017367  1.34164079
  1.59236304 -0.60816364  2.31704879 -0.67269158 -0.39223227  0.75
 -0.54433105  0.65465367 -0.48189987  2.08294153  3.34533034  0.89495691
  0.99413485  4.19703125 -0.41034727 -0.73379939  1.36277029  4.27272727
  3.05329013 -0.31448545  3.05329013 -0.42008403  1.52752523 -0.53881591
  2.65495395  0.98019606 -0.65465367  0.98019606 -0.38411064 -0.40160966
 -0.4662524  -0.40160966 -0.4662524   1.39875721 -0.35805744  1.20482899
 -0.22941573  1.39875721 -0.22941573 -0.4662524   1.73205081 -0.4662524
 -0.57735027  2.81126765 -0.28171808 -0.4662524  -0.40160966 -0.4662524
  1.39875721 -0.35805744 -0.22941573 -0.35805744 -0.40160966 -0.22941573
 -0.39223227  2.         -0.29488391 -0.29488391  2.          1.56892908
 -0.39223227 -0.5         3.53009043 -0.39223227  2.          2.
  2.         -0.5        -0.22941573 -0.22941573  3.53009043 -0.39223227
 -0.39223227 -0.29488391 -0.5        -0.5        -0.39223227 -0.29488391
 -0.22941573 -0.39223227  3.53009043 -0.29488391  1.56892908 -0.29488391
 -0.39223227  2.         -0.31448545 -0.22941573]",0
34415619,ctt,CORREIO POSTAL E EXPRESSO,https://portaldaqueixa.com/brands/ctt/complaints/ctt-reexpedicao-de-correspondencia-5-34415619,Aguarda resposta,reexpedição correspondência,efectuar reexpedição correspondência pago 9 84 mensal último mês novembro 8 1 84iva espanto pediram hoje 19 12 10,efectuar reexpedição correspondência pago 9 84 mensal último mês novembro 8 1 84iva espanto pediram hoje 19 12 10 importância 30 75 mês 25 5 75iva mês reexpedição 19 12 12 2020 01 12 aumento 200 grande roubo bolso aumentar empregados serviço pois estação tempo indeterminado espera ser atendidos aumento multiplicado milhares pessoas simplesmente autêntica vergonha,"[0.         0.         0.         0.62148838 0.         0.
 0.         0.         0.         0.         0.         4.
 1.15200309 0.         1.15200309 1.15200309 0.         3.96578428
 0.         0.         0.         0.         0.         0.
 0.         0.         0.         0.         0.         0.
 0.         0.         1.73696559 0.         0.         0.
 0.         0.         0.         0.         1.73696559 0.
 0.         0.         0.         4.         0.         0.
 0.         0.         0.         0.         0.         0.
 0.         0.         0.         0.         0.         0.
 0.         0.         0.         0.         0.         0.
 0.         2.32192809 0.         2.32192809 0.         0.
 2.32192809 0.         0.         0.         0.         0.
 0.         0.         0.         0.         0.         0.
 2.32192809 0.         0.         2.32192809 0.         0.
 0.         0.         0.         0.         0.         0.
 0.         0.         0.         0.        ]","[ 0.72743224  0.75482941 -0.56952143  0.25890435 -0.67492637 -0.61214609
 -0.47380354 -0.44212733 -0.4152274  -0.54232614 -0.62017367  3.13049517
  0.56503205 -0.60816364  0.8221786   0.8221786  -0.39223227  3.25
 -0.54433105 -0.43643578 -0.48189987 -0.44183608 -0.44183608 -0.48189987
 -0.53530338 -0.31590558 -0.41034727 -0.73379939 -0.73379939 -0.27272727
 -0.53881591 -0.31448545  1.25723711 -0.42008403 -0.65465367 -0.53881591
 -0.46852129 -0.42008403 -0.65465367 -0.42008403  0.89625816 -0.40160966
 -0.4662524  -0.40160966 -0.4662524   3.26376683 -0.35805744 -0.40160966
 -0.22941573 -0.4662524  -0.22941573 -0.4662524  -0.57735027 -0.4662524
 -0.57735027 -0.40160966 -0.28171808 -0.4662524  -0.40160966 -0.4662524
 -0.4662524  -0.35805744 -0.22941573 -0.35805744 -0.40160966 -0.22941573
 -0.39223227  2.         -0.29488391  1.17953565 -0.5        -0.39223227
  1.56892908 -0.5        -0.39223227 -0.39223227 -0.5        -0.5
 -0.5        -0.5        -0.22941573 -0.22941573 -0.39223227 -0.39223227
  1.56892908 -0.29488391 -0.5         2.         -0.39223227 -0.29488391
 -0.22941573 -0.39223227 -0.39223227 -0.29488391 -0.39223227 -0.29488391
 -0.39223227 -0.5        -0.31448545 -0.22941573]",1
34409319,ctt,CORREIO POSTAL E EXPRESSO,https://portaldaqueixa.com/brands/ctt/complaints/ctt-encomenda-nao-recebida-55-34409319,Aguarda resposta,encomenda recebida,boa tarde fiz compra online proveniente china segundo acompanhamento entrega tanto site onde encomendei site encomenda,boa tarde fiz compra online proveniente china segundo acompanhamento entrega tanto site onde encomendei site encomenda entregue recetaculo postal passado dia 05 dezembro 9h49 porém encomenda nao encontrava lá gostaria perceber errado,"[-1.61470984 -0.48542683  0.          0.          0.          0.
  0.          0.          0.          0.          0.          0.
  0.          0.          0.          0.          0.          0.
  0.          0.          3.02914635  0.          0.          0.
  1.51457317  0.          0.          0.          0.          0.
  0.          0.          0.          0.          1.73696559  1.73696559
  0.          0.          1.73696559  0.          0.          0.
  0.          0.          0.          0.          0.          0.
  0.          0.          0.          0.          2.          2.
  2.          0.          0.          0.          0.          2.
  0.          0.          0.          0.          2.          0.
  0.          0.          0.          0.          0.          0.
  0.          0.          0.          0.          0.          0.
  0.          0.          0.          0.          0.          0.
  0.          0.          0.          0.          0.          0.
  0.          0.          0.          0.          0.          0.
  0.          0.          0.          0.        ]","[-0.10391889  0.21566555 -0.56952143 -0.48082237 -0.67492637 -0.61214609
 -0.47380354 -0.44212733 -0.4152274  -0.54232614 -0.62017367 -0.4472136
 -0.46229895 -0.60816364 -0.67269158 -0.67269158 -0.39223227 -0.5
 -0.54433105 -0.43643578  2.27181369 -0.44183608 -0.44183608 -0.48189987
  0.99413485 -0.31590558 -0.41034727 -0.73379939 -0.73379939 -0.27272727
 -0.53881591 -0.31448545 -0.53881591 -0.42008403  1.52752523  1.25723711
 -0.46852129 -0.42008403  1.52752523 -0.42008403 -0.38411064 -0.40160966
 -0.4662524  -0.40160966 -0.4662524  -0.4662524  -0.35805744 -0.40160966
 -0.22941573 -0.4662524  -0.22941573 -0.4662524   1.73205081  1.39875721
  1.73205081 -0.40160966 -0.28171808 -0.4662524  -0.40160966  1.39875721
 -0.4662524  -0.35805744 -0.22941573 -0.35805744  1.20482899 -0.22941573
 -0.39223227 -0.5        -0.29488391 -0.29488391 -0.5        -0.39223227
 -0.39223227 -0.5        -0.39223227 -0.39223227 -0.5        -0.5
 -0.5        -0.5        -0.22941573 -0.22941573 -0.39223227 -0.39223227
 -0.39223227 -0.29488391 -0.5        -0.5        -0.39223227 -0.29488391
 -0.22941573 -0.39223227 -0.39223227 -0.29488391 -0.39223227 -0.29488391
 -0.39223227 -0.5        -0.31448545 -0.22941573]",1
34407319,ctt,CORREIO POSTAL E EXPRESSO,https://portaldaqueixa.com/brands/ctt/complaints/ctt-reclamacao-sobre-o-empregado-34407319,Aguarda resposta,reclamação sobre empregado,13h20 sr renato teixeira brito veio entregar carta riscada indicar carta nao 1 direito 1 esq r c tendo morada certa,13h20 sr renato teixeira brito veio entregar carta riscada indicar carta nao 1 direito 1 esq r c tendo morada certa sabendo r c senhor põe cartas todas contrario caixas correios tambem mal educado disse punha cartas nenhumas nesta morada tipi pessoas devia ver trabalhar publico espero tratem assunto haver problemas ana sergio,"[0.         0.         0.         0.         0.         0.
 0.         0.         0.         0.         2.         0.
 0.         0.         0.         0.         0.         0.
 0.         0.         0.         0.         0.         0.
 0.         0.         0.         0.         0.         0.
 0.         0.         0.         0.         0.         0.
 0.         0.         0.         0.         0.         4.
 0.         0.         0.         0.         0.         0.
 0.         0.         0.         0.         0.         0.
 0.         0.         0.         0.         0.         0.
 0.         0.         0.         2.         0.         0.
 0.         0.         0.         0.         0.         0.
 4.64385619 0.         0.         2.32192809 0.         0.
 0.         0.         0.         0.         0.         2.32192809
 0.         0.         0.         0.         0.         0.
 0.         0.         0.         0.         0.         0.
 0.         0.         0.         0.        ]","[ 0.72743224  0.75482941 -0.56952143 -0.48082237 -0.67492637 -0.61214609
 -0.47380354 -0.44212733 -0.4152274  -0.54232614  1.86052102 -0.4472136
 -0.46229895 -0.60816364 -0.67269158 -0.67269158 -0.39223227 -0.5
 -0.54433105 -0.43643578 -0.48189987 -0.44183608 -0.44183608 -0.48189987
 -0.53530338 -0.31590558 -0.41034727 -0.73379939 -0.73379939 -0.27272727
 -0.53881591 -0.31448545 -0.53881591 -0.42008403 -0.65465367 -0.53881591
 -0.46852129 -0.42008403 -0.65465367 -0.42008403 -0.38411064  2.81126765
 -0.4662524  -0.40160966 -0.4662524  -0.4662524  -0.35805744 -0.40160966
 -0.22941573 -0.4662524  -0.22941573 -0.4662524  -0.57735027 -0.4662524
 -0.57735027 -0.40160966 -0.28171808 -0.4662524  -0.40160966 -0.4662524
 -0.4662524  -0.35805744 -0.22941573  1.07417231 -0.40160966 -0.22941573
 -0.39223227 -0.5        -0.29488391 -0.29488391 -0.5        -0.39223227
  3.53009043 -0.5        -0.39223227  1.56892908 -0.5        -0.5
 -0.5        -0.5        -0.22941573 -0.22941573 -0.39223227  1.56892908
 -0.39223227 -0.29488391 -0.5        -0.5        -0.39223227 -0.29488391
 -0.22941573 -0.39223227 -0.39223227 -0.29488391 -0.39223227 -0.29488391
 -0.39223227 -0.5        -0.31448545 -0.22941573]",1
34406019,ctt,CORREIO POSTAL E EXPRESSO,https://portaldaqueixa.com/brands/ctt/complaints/ctt-encomenda-da-alemanha-1-34406019,Aguarda resposta,encomenda alemanha,gostaria receber informação sobre envio efectuado alemanha via dhl dia 15 novembro 2019 chegou portugal dia 21 novembro 2019,gostaria receber informação sobre envio efectuado alemanha via dhl dia 15 novembro 2019 chegou portugal dia 21 novembro 2019 sendo recebido entrou base dados dia 21 novembro dia 25 novembro deu entrada centro tratamento lisboa marl sendo segundo site mesma encomenda saiu expedição nacional dia 26 novembro supostamente via marítima direcção destino final ilha madeira ora surpresa verifico site mesma encomenda voltou dar entrada centro tratamento lisboa dia 28 novembro hoje 10 12 2019 verificou nenhuma alteração estado encomenda gostava esclarecimento parte sobre passa estado encomenda entregue obrigado,"[-3.22941969 -2.91256096  0.70339576  3.72893026  1.24297675  0.
  0.          0.          0.          0.          0.          1.
  1.15200309  2.30400619  0.          0.          2.64385619  0.
  0.          0.          3.02914635  0.          0.          0.
  0.          1.51457317  0.          0.          0.          0.
  1.73696559  0.          1.73696559  0.          0.          1.73696559
  0.          0.          0.          0.          0.          0.
  2.          0.          0.          0.          0.          0.
  0.          4.          0.          4.          0.          0.
  0.          0.          0.          0.          4.          0.
  0.          0.          0.          0.          0.          0.
  0.          0.          0.          0.          0.          0.
  0.          2.32192809  2.32192809  0.          2.32192809  0.
  0.          0.          0.          0.          0.          0.
  0.          0.          0.          0.          0.          0.
  0.          0.          0.          0.          0.          0.
  0.          0.          0.          0.        ]","[-0.93527003 -2.48015378  1.4405542   3.95753796  1.40177016 -0.61214609
 -0.47380354 -0.44212733 -0.4152274  -0.54232614 -0.62017367  0.4472136
  0.56503205  2.09478587 -0.67269158 -0.67269158  1.56892908 -0.5
 -0.54433105 -0.43643578  2.27181369 -0.44183608 -0.44183608 -0.48189987
 -0.53530338  0.58668179 -0.41034727 -0.73379939 -0.73379939 -0.27272727
  1.25723711 -0.31448545  1.25723711 -0.42008403 -0.65465367  1.25723711
 -0.46852129 -0.42008403 -0.65465367 -0.42008403 -0.38411064 -0.40160966
  1.39875721 -0.40160966 -0.4662524  -0.4662524  -0.35805744 -0.40160966
 -0.22941573  3.26376683 -0.22941573  3.26376683 -0.57735027 -0.4662524
 -0.57735027 -0.40160966 -0.28171808 -0.4662524   2.81126765 -0.4662524
 -0.4662524  -0.35805744 -0.22941573 -0.35805744 -0.40160966 -0.22941573
 -0.39223227 -0.5        -0.29488391 -0.29488391 -0.5        -0.39223227
 -0.39223227  2.          1.56892908 -0.39223227  2.         -0.5
 -0.5        -0.5        -0.22941573 -0.22941573 -0.39223227 -0.39223227
 -0.39223227 -0.29488391 -0.5        -0.5        -0.39223227 -0.29488391
 -0.22941573 -0.39223227 -0.39223227 -0.29488391 -0.39223227 -0.29488391
 -0.39223227 -0.5        -0.31448545 -0.22941573]",1
34404519,ctt,CORREIO POSTAL E EXPRESSO,https://portaldaqueixa.com/brands/ctt/complaints/ctt-aviso-de-entrega-de-encomenda-registada-mais-uma-vez-nem-sequer-tocaram-a-campainha-34404519,Aguarda resposta,aviso entrega encomenda registada vez sequer tocaram campainha,vez aviso entrega encomenda caixa correio referia funcionário rui guerreiro giro 240 conseguido,vez aviso entrega encomenda caixa correio referia funcionário rui guerreiro giro 240 conseguido entregar encomenda registada aviso recepção rh40123899pt dia 05 12 2019 14h00 mesma encontraria disponível dia 06 12 2019 partir 10h30 ponto indicado aviso entrega entanto dia questão 05 12 2019 gente dia todo casa nunca ninguém tocou campainha entregar dita encomenda desloquei posto montenegro faro referi vez tocado campainha deixando automaticamente bilhete caixa correio funcionária disse acontecia sempre giro questão 240 aproveito salientar desagrado referir primeira vez acontece apresentei queixa portal queixa sobre assunto encomenda datada 04 04 2019 cujo funcionário aproveito ainda referir posto onde funcionário deixou encomenda ser levantada sequer posto perto área residência possui horário atendimento reduzido situa perto casa gambelas dificultando assim levantamento mesma,"[-4.03677461 -1.94170731  0.93786101  0.          1.24297675  0.
  0.          0.          2.          0.          0.          3.
  0.          0.          1.15200309  0.          0.          0.
  0.          0.          0.          0.          0.          0.
  3.02914635  0.          0.          1.51457317  0.          0.
  0.          0.          0.          5.21089678  1.73696559  0.
  0.          0.          0.          0.          0.          0.
  0.          0.          0.          0.          6.          4.
  0.          0.          0.          0.          0.          0.
  0.          0.          0.          0.          2.          0.
  0.          6.          0.          0.          4.          0.
  0.          0.          0.          0.          2.32192809  0.
  0.          0.          0.          0.          0.          0.
  0.          2.32192809  0.          0.          0.          4.64385619
  0.          0.          2.32192809  0.          0.          0.
  0.          0.          0.          0.          0.          6.96578428
  4.64385619  0.          5.47393119  0.        ]","[-1.35094559 -1.40182605  2.11057941 -0.48082237  1.40177016 -0.61214609
 -0.47380354 -0.44212733  1.2456822  -0.54232614 -0.62017367  2.23606798
 -0.46229895 -0.60816364  0.8221786  -0.67269158 -0.39223227 -0.5
 -0.54433105 -0.43643578 -0.48189987 -0.44183608 -0.44183608 -0.48189987
  2.52357307 -0.31590558 -0.41034727  1.36277029 -0.73379939 -0.27272727
 -0.53881591 -0.31448545 -0.53881591  3.78075623  1.52752523 -0.53881591
 -0.46852129 -0.42008403 -0.65465367 -0.42008403 -0.38411064 -0.40160966
 -0.4662524  -0.40160966 -0.4662524  -0.4662524   3.93863181  2.81126765
 -0.22941573 -0.4662524  -0.22941573 -0.4662524  -0.57735027 -0.4662524
 -0.57735027 -0.40160966 -0.28171808 -0.4662524   1.20482899 -0.4662524
 -0.4662524   3.93863181 -0.22941573 -0.35805744  2.81126765 -0.22941573
 -0.39223227 -0.5        -0.29488391 -0.29488391  2.         -0.39223227
 -0.39223227 -0.5        -0.39223227 -0.39223227 -0.5        -0.5
 -0.5         2.         -0.22941573 -0.22941573 -0.39223227  3.53009043
 -0.39223227 -0.29488391  2.         -0.5        -0.39223227 -0.29488391
 -0.22941573 -0.39223227 -0.39223227 -0.29488391 -0.39223227  4.12837477
  3.53009043 -0.5         3.8786539  -0.22941573]",4
34402319,ctt,CORREIO POSTAL E EXPRESSO,https://portaldaqueixa.com/brands/ctt/complaints/ctt-ponto-ctt-com-despreparo-nao-sabem-onde-estao-as-encomendas-34402319,Aguarda resposta,ponto despreparo sabem onde encomendas,olá muitas encomendas peço ficam disponíveis ponto rua dentro mte caparica local totalmente despreparo atender pessoas,olá muitas encomendas peço ficam disponíveis ponto rua dentro mte caparica local totalmente despreparo atender pessoas diversas vezes aviso entrega simplesmente saem olhar todas encomendas depósito atenção dizem simplesmente lá rastreio mostra 4 dias lá levantamento vão terceirizar serviço algum lugar passe mínimo confiança cliente extremamente dececionado fim obrigado pedir serviço siga pagar todas encomendas pois assim dá conta achar depósito encaminha outro local deveria ser necessário,"[0.         0.         0.         0.         0.         0.
 0.86249648 0.         0.         0.         0.         0.
 0.         0.         1.15200309 2.30400619 0.         0.
 0.         0.         0.         0.         1.51457317 0.
 1.51457317 0.         4.54371952 1.51457317 0.         0.
 0.         0.         0.         1.73696559 0.         0.
 0.         0.         0.         0.         0.         0.
 0.         0.         0.         0.         0.         0.
 0.         0.         0.         0.         0.         0.
 0.         0.         0.         0.         0.         0.
 0.         0.         0.         0.         0.         0.
 0.         0.         0.         0.         0.         0.
 0.         0.         0.         0.         0.         0.
 0.         0.         0.         0.         0.         0.
 0.         0.         0.         2.32192809 2.32192809 0.
 0.         0.         0.         0.         0.         0.
 0.         0.         0.         0.        ]","[ 0.72743224  0.75482941 -0.56952143 -0.48082237 -0.67492637 -0.61214609
  0.38765744 -0.44212733 -0.4152274  -0.54232614 -0.62017367 -0.4472136
 -0.46229895 -0.60816364  0.8221786   2.31704879 -0.39223227 -0.5
 -0.54433105 -0.43643578 -0.48189987 -0.44183608  0.82055272 -0.48189987
  0.99413485 -0.31590558  3.10691502  1.36277029 -0.73379939 -0.27272727
 -0.53881591 -0.31448545 -0.53881591  0.98019606 -0.65465367 -0.53881591
 -0.46852129 -0.42008403 -0.65465367 -0.42008403 -0.38411064 -0.40160966
 -0.4662524  -0.40160966 -0.4662524  -0.4662524  -0.35805744 -0.40160966
 -0.22941573 -0.4662524  -0.22941573 -0.4662524  -0.57735027 -0.4662524
 -0.57735027 -0.40160966 -0.28171808 -0.4662524  -0.40160966 -0.4662524
 -0.4662524  -0.35805744 -0.22941573 -0.35805744 -0.40160966 -0.22941573
 -0.39223227 -0.5        -0.29488391 -0.29488391 -0.5        -0.39223227
 -0.39223227 -0.5        -0.39223227 -0.39223227 -0.5        -0.5
 -0.5        -0.5        -0.22941573 -0.22941573 -0.39223227 -0.39223227
 -0.39223227 -0.29488391 -0.5         2.          1.56892908 -0.29488391
 -0.22941573 -0.39223227 -0.39223227 -0.29488391 -0.39223227 -0.29488391
 -0.39223227 -0.5        -0.31448545 -0.22941573]",1
34401119,ctt,CORREIO POSTAL E EXPRESSO,https://portaldaqueixa.com/brands/ctt/complaints/ctt-encomenda-entregue-noutra-morada-a-outra-pessoa-34401119,Aguarda resposta,encomenda entregue noutra morada outra pessoa,fiz encomenda site pc diga lda atribuída nº guia fa097674135pt fiz rastreamento mesma deu entregue dia ontem,fiz encomenda site pc diga lda atribuída nº guia fa097674135pt fiz rastreamento mesma deu entregue dia ontem parte manhã recebi encomenda casa dia inteiro espera mesma entendo podem entregar algo custou dinheiro tempo outra pessoa morada ligar pagar cada chamadas faço telemóvel desde ontem tarde atendem aguardo rápida resolução problema quero esclarecimentos,"[-1.61470984 -0.97085365  0.          0.          1.24297675  0.
  0.          0.          0.          0.          1.          0.
  0.          0.          0.          0.          0.          0.
  0.          0.          1.51457317  0.          0.          0.
  0.          0.          0.          0.          1.51457317  0.
  0.          0.          0.          0.          0.          1.73696559
  0.          0.          0.          0.          0.          0.
  2.          0.          2.          0.          0.          0.
  0.          0.          0.          0.          0.          0.
  2.          0.          0.          0.          0.          4.
  0.          0.          0.          0.          0.          0.
  2.32192809  0.          0.          0.          0.          0.
  0.          0.          0.          0.          0.          0.
  0.          0.          0.          0.          2.32192809  2.32192809
  2.32192809  0.          0.          0.          0.          0.
  0.          0.          0.          0.          0.          0.
  0.          2.32192809  0.          0.        ]","[-0.10391889 -0.32349832 -0.56952143 -0.48082237  1.40177016 -0.61214609
 -0.47380354 -0.44212733 -0.4152274  -0.54232614  0.62017367 -0.4472136
 -0.46229895 -0.60816364 -0.67269158 -0.67269158 -0.39223227 -0.5
 -0.54433105 -0.43643578  0.89495691 -0.44183608 -0.44183608 -0.48189987
 -0.53530338 -0.31590558 -0.41034727 -0.73379939  1.36277029 -0.27272727
 -0.53881591 -0.31448545 -0.53881591 -0.42008403 -0.65465367  1.25723711
 -0.46852129 -0.42008403 -0.65465367 -0.42008403 -0.38411064 -0.40160966
  1.39875721 -0.40160966  1.39875721 -0.4662524  -0.35805744 -0.40160966
 -0.22941573 -0.4662524  -0.22941573 -0.4662524  -0.57735027 -0.4662524
  1.73205081 -0.40160966 -0.28171808 -0.4662524  -0.40160966  3.26376683
 -0.4662524  -0.35805744 -0.22941573 -0.35805744 -0.40160966 -0.22941573
  1.56892908 -0.5        -0.29488391 -0.29488391 -0.5        -0.39223227
 -0.39223227 -0.5        -0.39223227 -0.39223227 -0.5        -0.5
 -0.5        -0.5        -0.22941573 -0.22941573  1.56892908  1.56892908
  1.56892908 -0.29488391 -0.5        -0.5        -0.39223227 -0.29488391
 -0.22941573 -0.39223227 -0.39223227 -0.29488391 -0.39223227 -0.29488391
 -0.39223227  2.         -0.31448545 -0.22941573]",1
